Workbook

Sheet DATA
A2: TIME SHEET MONTH OF JUNE -2025
A3: FEB | C3: SELECT YEAR : | G3: 2026 | I3: SELECT MONTHS : | M3: JAN
A4: MAR | C4: =EOMONTH(DATA!I4,0) -> 46053 | I4: =DATEVALUE(1&M3&DATA!G3) -> 46023
A5: APR
A6: MAY
A7: JUN
A8: JUL
A9: AUG
A10: SEP
A11: OCT
A12: NOV
A13: DEC

Sheet  JAHANGIR
A7: TIME SHEET MONTH OF JUNE -2025
A9: EMPLOYEE NAME | B9: MOHAMMAD JAHANGIR | K9: EMPLOYEE NO | P9: 104 | X9: WORK LOCATION
A10: IQAMA NO | B10: 2581081227 | K10: CATEGORY | P10: WELDER | X10: COMPANY
A12: DATE | B12: =DATA!$I$4 -> 46023 | C12: =IF(B12<DATA!$C$4,B12+1,"") -> 46024 | D12: =IF(C12<DATA!$C$4,C12+1,"") -> 46025 | E12: =IF(D12<DATA!$C$4,D12+1,"") -> 46026 | F12: =IF(E12<DATA!$C$4,E12+1,"") -> 46027 | G12: =IF(F12<DATA!$C$4,F12+1,"") -> 46028 | H12: =IF(G12<DATA!$C$4,G12+1,"") -> 46029 | I12: =IF(H12<DATA!$C$4,H12+1,"") -> 46030 | J12: =IF(I12<DATA!$C$4,I12+1,"") -> 46031 | ... AF12: =IF(AE12<DATA!$C$4,AE12+1,"") -> 46053 | AG12: HOURS
A13: DAYS | B13: =TEXT(B12,"ddd") -> Thu | C13: =TEXT(C12,"ddd") -> Fri | D13: =TEXT(D12,"ddd") -> Sat | E13: =TEXT(E12,"ddd") -> Sun | F13: =TEXT(F12,"ddd") -> Mon | G13: =TEXT(G12,"ddd") -> Tue | H13: =TEXT(H12,"ddd") -> Wed | I13: =TEXT(I12,"ddd") -> Thu | ... AF13: =TEXT(AF12,"ddd") -> Sat
A14: DUTY HOUR | B14: 8 | C14: 8 | D14: 8 | E14: 8 | F14: 8 | H14: 8 | I14: 8 | J14: 8 | K14: 8 | L14: 8 | M14: 8 | O14: 8 | P14: 8 | Q14: 8 | R14: 8 | S14: 8 | T14: 8 | V14: 8 | W14: 8 | X14: 8 | Y14: 8 | Z14: 8 | AA14: 8 | AC14: 8 | AD14: 8 | AE14: 8 | AG14: =SUM(B14:AF14) -> 208
A15: OVER TIME | AG15: =SUM(B15:AF15) -> 0
B17: NUMBER OF ABSENT | G17: =COUNTIF(B14:AF14,"A") -> 0 | U17: TOTAL HOURS | AA17: =AG14+AG15 -> 208
A19: SALARY AMOUNT DETAILS
A20: EARNING | Q20: DEDUCTION
A21: BASIC SALARY | F21: 1300 | Q21: ABSENT DEDUCTION | AA21: =F21/30*G17*2 -> 0
A22: FOOD ALLOWANCE | F22: 0 | Q22: ADVANCE DEDUCTION | AA22: 0
A23: OVER TIME | F23: =F21/30/8*1.5*AG15 -> 0 | Q23: OTHER DEDUCTION | AA23: 0
A24: TOTAL AMOUNT | F24: =SUM(F21:P23) -> 1300 | Q24: TOTAL AMOUNT | AA24: =SUM(AA21:AG23) -> 0
E26: NET AMOUNT | S26: =F24-AA24 -> 1300
B36: APPROVAL BY HR | V36: RECEVIED BY EMPLOYEE

Sheet BHIM
A7: TIME SHEET MONTH OF JUNE -2025
A9: EMPLOYEE NAME | B9: BHIM KUMAR | K9: EMPLOYEE NO | P9: 106 | X9: WORK LOCATION
A10: IQAMA NO | B10: 2581080955 | K10: CATEGORY | P10: PIPE FITTER | X10: COMPANY
A12: DATE | B12: =DATA!$I$4 -> 46023 | C12: =IF(B12<DATA!$C$4,B12+1,"") -> 46024 | D12: =IF(C12<DATA!$C$4,C12+1,"") -> 46025 | E12: =IF(D12<DATA!$C$4,D12+1,"") -> 46026 | F12: =IF(E12<DATA!$C$4,E12+1,"") -> 46027 | G12: =IF(F12<DATA!$C$4,F12+1,"") -> 46028 | H12: =IF(G12<DATA!$C$4,G12+1,"") -> 46029 | I12: =IF(H12<DATA!$C$4,H12+1,"") -> 46030 | J12: =IF(I12<DATA!$C$4,I12+1,"") -> 46031 | ... AF12: =IF(AE12<DATA!$C$4,AE12+1,"") -> 46053 | AG12: HOURS
A13: DAYS | B13: =TEXT(B12,"ddd") -> Thu | C13: =TEXT(C12,"ddd") -> Fri | D13: =TEXT(D12,"ddd") -> Sat | E13: =TEXT(E12,"ddd") -> Sun | F13: =TEXT(F12,"ddd") -> Mon | G13: =TEXT(G12,"ddd") -> Tue | H13: =TEXT(H12,"ddd") -> Wed | I13: =TEXT(I12,"ddd") -> Thu | ... AF13: =TEXT(AF12,"ddd") -> Sat
A14: DUTY HOUR | B14: 8 | D14: 8 | E14: 8 | F14: 8 | G14: 8 | H14: 8 | I14: 8 | K14: 8 | L14: 8 | M14: 8 | N14: 8 | O14: 8 | P14: 8 | R14: 8 | S14: 8 | T14: 8 | U14: 8 | V14: 8 | W14: 8 | Y14: 8 | Z14: 8 | AA14: 8 | AB14: 8 | AC14: 8 | AD14: 8 | AG14: =SUM(B14:AF14) -> 200
A15: OVER TIME | B15: 3 | C15: 10 | D15: 5 | E15: 3 | F15: 4 | G15: 4 | H15: 4 | I15: 3 | K15: 4 | L15: 3 | M15: 3 | N15: 3 | O15: 3 | P15: 3 | R15: 3 | S15: 3 | T15: 3 | U15: 2 | V15: 2 | W15: 2 | X15: 6 | Y15: 3 | Z15: 3 | AA15: 3 | AB15: 3 | AC15: 3 | AD15: 3 | AE15: 8 | AG15: =SUM(B15:AF15) -> 102
B17: NUMBER OF ABSENT | G17: =COUNTIF(B14:AF14,"A") -> 0 | U17: TOTAL HOURS | AA17: =AG14+AG15 -> 302
A19: SALARY AMOUNT DETAILS
A20: EARNING | Q20: DEDUCTION
A21: BASIC SALARY | F21: 1400 | Q21: ABSENT DEDUCTION | AA21: =F21/30*G17*2 -> 0
A22: FOOD ALLOWANCE | F22: 0 | Q22: ADVANCE DEDUCTION | AA22: 0
A23: OVER TIME | F23: =F21/30/8*1.5*AG15 -> 892.5 | Q23: OTHER DEDUCTION | AA23: 0
A24: TOTAL AMOUNT | F24: =SUM(F21:P23) -> 2292.5 | Q24: TOTAL AMOUNT | AA24: =SUM(AA21:AG23) -> 0
E26: NET AMOUNT | S26: =F24-AA24 -> 2292.5
B36: APPROVAL BY HR | V36: RECEVIED BY EMPLOYEE

Sheet ROHIT KUMAR
A7: TIME SHEET MONTH OF JUNE -2025
A9: EMPLOYEE NAME | B9: ROHIT KUMAR RAM | K9: EMPLOYEE NO | P9: 107 | X9: WORK LOCATION
A10: IQAMA NO | B10: 2581084882 | K10: CATEGORY | P10: PIPE FITTER | X10: COMPANY
A12: DATE | B12: =DATA!$I$4 -> 46023 | C12: =IF(B12<DATA!$C$4,B12+1,"") -> 46024 | D12: =IF(C12<DATA!$C$4,C12+1,"") -> 46025 | E12: =IF(D12<DATA!$C$4,D12+1,"") -> 46026 | F12: =IF(E12<DATA!$C$4,E12+1,"") -> 46027 | G12: =IF(F12<DATA!$C$4,F12+1,"") -> 46028 | H12: =IF(G12<DATA!$C$4,G12+1,"") -> 46029 | I12: =IF(H12<DATA!$C$4,H12+1,"") -> 46030 | J12: =IF(I12<DATA!$C$4,I12+1,"") -> 46031 | ... AF12: =IF(AE12<DATA!$C$4,AE12+1,"") -> 46053 | AG12: HOURS
A13: DAYS | B13: =TEXT(B12,"ddd") -> Thu | C13: =TEXT(C12,"ddd") -> Fri | D13: =TEXT(D12,"ddd") -> Sat | E13: =TEXT(E12,"ddd") -> Sun | F13: =TEXT(F12,"ddd") -> Mon | G13: =TEXT(G12,"ddd") -> Tue | H13: =TEXT(H12,"ddd") -> Wed | I13: =TEXT(I12,"ddd") -> Thu | ... AF13: =TEXT(AF12,"ddd") -> Sat
A14: DUTY HOUR | B14: 8 | D14: 8 | E14: 8 | F14: 8 | G14: 8 | H14: 8 | I14: 8 | K14: 8 | L14: 8 | M14: 8 | N14: 8 | O14: 8 | P14: 8 | R14: 8 | S14: 8 | T14: 8 | U14: 8 | V14: 8 | W14: 8 | Y14: 8 | Z14: 8 | AA14: 8 | AB14: 8 | AC14: 8 | AD14: 8 | AG14: =SUM(B14:AF14) -> 200
A15: OVER TIME | C15: 6 | D15: 2 | E15: 2 | F15: 2 | G15: 2 | H15: 4 | I15: 3 | J15: 6 | K15: 2 | L15: 2 | M15: 2 | N15: 2 | O15: 2 | P15: 2 | R15: 2 | S15: 2 | T15: 2 | AG15: =SUM(B15:AF15) -> 45
B17: NUMBER OF ABSENT | G17: =COUNTIF(B14:AF14,"A") -> 0 | U17: TOTAL HOURS | AA17: =AG14+AG15 -> 245
A19: SALARY AMOUNT DETAILS
A20: EARNING | Q20: DEDUCTION
A21: BASIC SALARY | F21: 1200 | Q21: ABSENT DEDUCTION | AA21: =F21/30*G17*2 -> 0
A22: FOOD ALLOWANCE | F22: 0 | Q22: ADVANCE DEDUCTION | AA22: 0
A23: OVER TIME | F23: =F21/30/8*1.5*AG15 -> 337.5 | Q23: OTHER DEDUCTION | AA23: 0
A24: TOTAL AMOUNT | F24: =SUM(F21:P23) -> 1537.5 | Q24: TOTAL AMOUNT | AA24: =SUM(AA21:AG23) -> 0
E26: NET AMOUNT | S26: =F24-AA24 -> 1537.5
B36: APPROVAL BY HR | V36: RECEVIED BY EMPLOYEE

Sheet NABIULLAH
A7: TIME SHEET MONTH OF JUNE -2025
A9: EMPLOYEE NAME | B9: NABIULLAH KHAN | K9: EMPLOYEE NO | P9: 108 | X9: WORK LOCATION
A10: IQAMA NO | B10: 2581081367 | K10: CATEGORY | P10: PIPE FITTER | X10: COMPANY
A12: DATE | B12: =DATA!$I$4 -> 46023 | C12: =IF(B12<DATA!$C$4,B12+1,"") -> 46024 | D12: =IF(C12<DATA!$C$4,C12+1,"") -> 46025 | E12: =IF(D12<DATA!$C$4,D12+1,"") -> 46026 | F12: =IF(E12<DATA!$C$4,E12+1,"") -> 46027 | G12: =IF(F12<DATA!$C$4,F12+1,"") -> 46028 | H12: =IF(G12<DATA!$C$4,G12+1,"") -> 46029 | I12: =IF(H12<DATA!$C$4,H12+1,"") -> 46030 | J12: =IF(I12<DATA!$C$4,I12+1,"") -> 46031 | ... AF12: =IF(AE12<DATA!$C$4,AE12+1,"") -> 46053 | AG12: HOURS
A13: DAYS | B13: =TEXT(B12,"ddd") -> Thu | C13: =TEXT(C12,"ddd") -> Fri | D13: =TEXT(D12,"ddd") -> Sat | E13: =TEXT(E12,"ddd") -> Sun | F13: =TEXT(F12,"ddd") -> Mon | G13: =TEXT(G12,"ddd") -> Tue | H13: =TEXT(H12,"ddd") -> Wed | I13: =TEXT(I12,"ddd") -> Thu | ... AF13: =TEXT(AF12,"ddd") -> Sat
A14: DUTY HOUR | B14: 8 | D14: 8 | E14: 8 | F14: 8 | G14: 8 | H14: 8 | I14: 8 | K14: 8 | L14: 8 | M14: 8 | N14: 8 | O14: 8 | P14: 8 | R14: 8 | S14: 8 | T14: 8 | U14: 8 | V14: 8 | W14: 8 | Y14: 8 | Z14: 8 | AA14: 8 | AB14: 8 | AC14: 8 | AD14: 8 | AG14: =SUM(B14:AF14) -> 200
A15: OVER TIME | B15: 2 | D15: 2 | E15: 3 | F15: 3 | G15: 3 | H15: 4 | I15: 4 | K15: 2 | L15: 4 | M15: 3 | N15: 4 | O15: 4 | P15: 3 | R15: 2 | S15: 2 | T15: 2 | W15: 2 | Y15: 2 | Z15: 2 | AA15: 4 | AB15: 2 | AC15: 4 | AD15: 2 | AG15: =SUM(B15:AF15) -> 65
B17: NUMBER OF ABSENT | G17: =COUNTIF(B14:AF14,"A") -> 0 | U17: TOTAL HOURS | AA17: =AG14+AG15 -> 265
A19: SALARY AMOUNT DETAILS
A20: EARNING | Q20: DEDUCTION
A21: BASIC SALARY | F21: 1200 | Q21: ABSENT DEDUCTION | AA21: =F21/30*G17*2 -> 0
A22: FOOD ALLOWANCE | F22: 0 | Q22: ADVANCE DEDUCTION | AA22: 0
A23: OVER TIME | F23: =F21/30/8*1.5*AG15 -> 487.5 | Q23: OTHER DEDUCTION | AA23: 0
A24: TOTAL AMOUNT | F24: =SUM(F21:P23) -> 1687.5 | Q24: TOTAL AMOUNT | AA24: =SUM(AA21:AG23) -> 0
E26: NET AMOUNT | S26: =F24-AA24 -> 1687.5
B36: APPROVAL BY HR | V36: RECEVIED BY EMPLOYEE

Sheet DHARMENDRA
A7: TIME SHEET MONTH OF JUNE -2025
A9: EMPLOYEE NAME | B9: DHARMENDRA KUMAR | K9: EMPLOYEE NO | P9: 109 | X9: WORK LOCATION
A10: IQAMA NO | B10: 2581081037 | K10: CATEGORY | P10: PIPE FITTER | X10: COMPANY
A12: DATE | B12: =DATA!$I$4 -> 46023 | C12: =IF(B12<DATA!$C$4,B12+1,"") -> 46024 | D12: =IF(C12<DATA!$C$4,C12+1,"") -> 46025 | E12: =IF(D12<DATA!$C$4,D12+1,"") -> 46026 | F12: =IF(E12<DATA!$C$4,E12+1,"") -> 46027 | G12: =IF(F12<DATA!$C$4,F12+1,"") -> 46028 | H12: =IF(G12<DATA!$C$4,G12+1,"") -> 46029 | I12: =IF(H12<DATA!$C$4,H12+1,"") -> 46030 | J12: =IF(I12<DATA!$C$4,I12+1,"") -> 46031 | ... AF12: =IF(AE12<DATA!$C$4,AE12+1,"") -> 46053 | AG12: HOURS
A13: DAYS | B13: =TEXT(B12,"ddd") -> Thu | C13: =TEXT(C12,"ddd") -> Fri | D13: =TEXT(D12,"ddd") -> Sat | E13: =TEXT(E12,"ddd") -> Sun | F13: =TEXT(F12,"ddd") -> Mon | G13: =TEXT(G12,"ddd") -> Tue | H13: =TEXT(H12,"ddd") -> Wed | I13: =TEXT(I12,"ddd") -> Thu | ... AF13: =TEXT(AF12,"ddd") -> Sat
A14: DUTY HOUR | B14: 8 | D14: 8 | E14: 8 | F14: 8 | G14: 8 | H14: 8 | I14: 8 | K14: 8 | L14: 8 | M14: 8 | N14: 8 | O14: 8 | P14: 8 | R14: 8 | S14: 8 | T14: 8 | U14: 8 | V14: 8 | W14: 8 | Y14: 8 | Z14: 8 | AA14: 8 | AB14: 8 | AC14: 8 | AD14: 8 | AG14: =SUM(B14:AF14) -> 200
A15: OVER TIME | C15: 6 | D15: 2 | E15: 2 | F15: 2 | G15: 2 | H15: 4 | I15: 3 | J15: 6 | K15: 2 | L15: 2 | M15: 2 | N15: 2 | O15: 2 | P15: 2 | R15: 2 | S15: 2 | T15: 2 | AG15: =SUM(B15:AF15) -> 45
B17: NUMBER OF ABSENT | G17: =COUNTIF(B14:AF14,"A") -> 0 | U17: TOTAL HOURS | AA17: =AG14+AG15 -> 245
A19: SALARY AMOUNT DETAILS
A20: EARNING | Q20: DEDUCTION
A21: BASIC SALARY | F21: 1300 | Q21: ABSENT DEDUCTION | AA21: =F21/30*G17*2 -> 0
A22: FOOD ALLOWANCE | F22: 0 | Q22: ADVANCE DEDUCTION | AA22: 0
A23: OVER TIME | F23: =F21/30/8*1.5*AG15 -> 365.625 | Q23: OTHER DEDUCTION | AA23: 0
A24: TOTAL AMOUNT | F24: =SUM(F21:P23) -> 1665.625 | Q24: TOTAL AMOUNT | AA24: =SUM(AA21:AG23) -> 0
E26: NET AMOUNT | S26: =F24-AA24 -> 1665.625
B36: APPROVAL BY HR | V36: RECEVIED BY EMPLOYEE

Sheet AWADHESH 
A7: TIME SHEET MONTH OF JUNE -2025
A9: EMPLOYEE NAME | B9: AWADHESH KUMAR SING | K9: EMPLOYEE NO | P9: 110 | X9: WORK LOCATION
A10: IQAMA NO | B10: 2581080823 | K10: CATEGORY | P10: PIPE FITTER | X10: COMPANY
A12: DATE | B12: =DATA!$I$4 -> 46023 | C12: =IF(B12<DATA!$C$4,B12+1,"") -> 46024 | D12: =IF(C12<DATA!$C$4,C12+1,"") -> 46025 | E12: =IF(D12<DATA!$C$4,D12+1,"") -> 46026 | F12: =IF(E12<DATA!$C$4,E12+1,"") -> 46027 | G12: =IF(F12<DATA!$C$4,F12+1,"") -> 46028 | H12: =IF(G12<DATA!$C$4,G12+1,"") -> 46029 | I12: =IF(H12<DATA!$C$4,H12+1,"") -> 46030 | J12: =IF(I12<DATA!$C$4,I12+1,"") -> 46031 | ... AF12: =IF(AE12<DATA!$C$4,AE12+1,"") -> 46053 | AG12: HOURS
A13: DAYS | B13: =TEXT(B12,"ddd") -> Thu | C13: =TEXT(C12,"ddd") -> Fri | D13: =TEXT(D12,"ddd") -> Sat | E13: =TEXT(E12,"ddd") -> Sun | F13: =TEXT(F12,"ddd") -> Mon | G13: =TEXT(G12,"ddd") -> Tue | H13: =TEXT(H12,"ddd") -> Wed | I13: =TEXT(I12,"ddd") -> Thu | ... AF13: =TEXT(AF12,"ddd") -> Sat
A14: DUTY HOUR | B14: 8 | D14: 8 | E14: 8 | F14: 8 | G14: 8 | H14: 8 | I14: 8 | K14: 8 | L14: 8 | M14: 8 | N14: 8 | O14: 8 | P14: 8 | R14: 8 | S14: 8 | T14: 8 | U14: 8 | V14: 8 | W14: 8 | Y14: 8 | Z14: 8 | AA14: 8 | AB14: 8 | AC14: 8 | AD14: 8 | AG14: =SUM(B14:AF14) -> 200
A15: OVER TIME | B15: 2 | D15: 2 | E15: 3 | F15: 3 | G15: 3 | H15: 4 | I15: 4 | K15: 2 | L15: 4 | M15: 3 | N15: 4 | O15: 4 | P15: 3 | R15: 2 | S15: 2 | T15: 2 | W15: 2 | Y15: 2 | Z15: 2 | AA15: 3 | AB15: 2 | AC15: 3 | AD15: 2 | AG15: =SUM(B15:AF15) -> 63
B17: NUMBER OF ABSENT | G17: =COUNTIF(B14:AF14,"A") -> 0 | U17: TOTAL HOURS | AA17: =AG14+AG15 -> 263
A19: SALARY AMOUNT DETAILS
A20: EARNING | Q20: DEDUCTION
A21: BASIC SALARY | F21: 1300 | Q21: ABSENT DEDUCTION | AA21: =F21/30*G17*2 -> 0
A22: FOOD ALLOWANCE | F22: 0 | Q22: ADVANCE DEDUCTION | AA22: 0
A23: OVER TIME | F23: =F21/30/8*1.5*AG15 -> 511.875 | Q23: OTHER DEDUCTION | AA23: 0
A24: TOTAL AMOUNT | F24: =SUM(F21:P23) -> 1811.875 | Q24: TOTAL AMOUNT | AA24: =SUM(AA21:AG23) -> 0
E26: NET AMOUNT | S26: =F24-AA24 -> 1811.875
B36: APPROVAL BY HR | V36: RECEVIED BY EMPLOYEE

Sheet SADDAM
A7: TIME SHEET MONTH OF JUNE -2025
A9: EMPLOYEE NAME | B9: SADDAM HUSAIN | K9: EMPLOYEE NO | X9: WORK LOCATION
A10: IQAMA NO | B10: 2584349670 | K10: CATEGORY | P10: PIPE FITTER | X10: COMPANY
A12: DATE | B12: =DATA!$I$4 -> 46023 | C12: =IF(B12<DATA!$C$4,B12+1,"") -> 46024 | D12: =IF(C12<DATA!$C$4,C12+1,"") -> 46025 | E12: =IF(D12<DATA!$C$4,D12+1,"") -> 46026 | F12: =IF(E12<DATA!$C$4,E12+1,"") -> 46027 | G12: =IF(F12<DATA!$C$4,F12+1,"") -> 46028 | H12: =IF(G12<DATA!$C$4,G12+1,"") -> 46029 | I12: =IF(H12<DATA!$C$4,H12+1,"") -> 46030 | J12: =IF(I12<DATA!$C$4,I12+1,"") -> 46031 | ... AF12: =IF(AE12<DATA!$C$4,AE12+1,"") -> 46053 | AG12: HOURS
A13: DAYS | B13: =TEXT(B12,"ddd") -> Thu | C13: =TEXT(C12,"ddd") -> Fri | D13: =TEXT(D12,"ddd") -> Sat | E13: =TEXT(E12,"ddd") -> Sun | F13: =TEXT(F12,"ddd") -> Mon | G13: =TEXT(G12,"ddd") -> Tue | H13: =TEXT(H12,"ddd") -> Wed | I13: =TEXT(I12,"ddd") -> Thu | ... AF13: =TEXT(AF12,"ddd") -> Sat
A14: DUTY HOUR | B14: 8 | D14: 8 | E14: 8 | F14: 8 | G14: 8 | H14: 8 | I14: 8 | K14: 8 | L14: 8 | M14: 8 | N14: 8 | O14: 8 | P14: 8 | R14: 8 | S14: 8 | T14: A | U14: 8 | V14: 8 | W14: 8 | Y14: 8 | Z14: 8 | AA14: 8 | AB14: 8 | AC14: 8 | AD14: 8 | AG14: =SUM(B14:AF14) -> 192
A15: OVER TIME | B15: 3 | D15: 3 | E15: 3 | F15: 3 | G15: 3 | H15: 3 | I15: 3 | K15: 3 | L15: 3 | M15: 3 | N15: 2 | O15: 2 | P15: 2 | R15: 2 | S15: 2 | U15: 2 | V15: 2 | AG15: =SUM(B15:AF15) -> 44
B17: NUMBER OF ABSENT | G17: =COUNTIF(B14:AF14,"A") -> 1 | U17: TOTAL HOURS | AA17: =AG14+AG15 -> 236
A19: SALARY AMOUNT DETAILS
A20: EARNING | Q20: DEDUCTION
A21: BASIC SALARY | F21: 1300 | Q21: ABSENT DEDUCTION | AA21: =F21/30*G17*2 -> 86.666667
A22: FOOD ALLOWANCE | F22: 0 | Q22: ADVANCE DEDUCTION | AA22: 0
A23: OVER TIME | F23: =F21/30/8*1.5*AG15 -> 357.5 | Q23: OTHER DEDUCTION | AA23: 0
A24: TOTAL AMOUNT | F24: =SUM(F21:P23) -> 1657.5 | Q24: TOTAL AMOUNT | AA24: =SUM(AA21:AG23) -> 86.666667
E26: NET AMOUNT | S26: =F24-AA24 -> 1570.8333
B36: APPROVAL BY HR | V36: RECEVIED BY EMPLOYEE

Sheet RAJESH
A7: TIME SHEET MONTH OF JUNE -2025
A9: EMPLOYEE NAME | B9: RAJESH KUMAR | K9: EMPLOYEE NO | P9: 116 | X9: WORK LOCATION
A10: IQAMA NO | B10: 2584349597 | K10: CATEGORY | P10: PIPE FITTER | X10: COMPANY
A12: DATE | B12: =DATA!$I$4 -> 46023 | C12: =IF(B12<DATA!$C$4,B12+1,"") -> 46024 | D12: =IF(C12<DATA!$C$4,C12+1,"") -> 46025 | E12: =IF(D12<DATA!$C$4,D12+1,"") -> 46026 | F12: =IF(E12<DATA!$C$4,E12+1,"") -> 46027 | G12: =IF(F12<DATA!$C$4,F12+1,"") -> 46028 | H12: =IF(G12<DATA!$C$4,G12+1,"") -> 46029 | I12: =IF(H12<DATA!$C$4,H12+1,"") -> 46030 | J12: =IF(I12<DATA!$C$4,I12+1,"") -> 46031 | ... AF12: =IF(AE12<DATA!$C$4,AE12+1,"") -> 46053 | AG12: HOURS
A13: DAYS | B13: =TEXT(B12,"ddd") -> Thu | C13: =TEXT(C12,"ddd") -> Fri | D13: =TEXT(D12,"ddd") -> Sat | E13: =TEXT(E12,"ddd") -> Sun | F13: =TEXT(F12,"ddd") -> Mon | G13: =TEXT(G12,"ddd") -> Tue | H13: =TEXT(H12,"ddd") -> Wed | I13: =TEXT(I12,"ddd") -> Thu | ... AF13: =TEXT(AF12,"ddd") -> Sat
A14: DUTY HOUR | B14: 8 | D14: 8 | E14: 8 | F14: 8 | G14: 8 | H14: 8 | I14: 8 | K14: 8 | L14: 8 | M14: 8 | N14: 8 | O14: 8 | P14: 8 | R14: 8 | S14: 8 | T14: 8 | U14: 8 | V14: 8 | W14: 8 | Y14: 8 | Z14: 8 | AA14: 8 | AB14: 8 | AC14: 8 | AD14: 8 | AG14: =SUM(B14:AF14) -> 200
A15: OVER TIME | B15: 3 | C15: 10 | D15: 6 | E15: 3 | F15: 3 | G15: 3 | H15: 3 | I15: 3 | K15: 4 | L15: 3 | M15: 7 | N15: 3 | O15: 5 | P15: 3 | R15: 3 | S15: 3 | T15: 3 | U15: 2 | V15: 2 | W15: 2 | Y15: 3 | Z15: 3 | AA15: 3 | AB15: 3 | AC15: 3 | AD15: 3 | AE15: 10 | AG15: =SUM(B15:AF15) -> 102
B17: NUMBER OF ABSENT | G17: =COUNTIF(B14:AF14,"A") -> 0 | U17: TOTAL HOURS | AA17: =AG14+AG15 -> 302
A19: SALARY AMOUNT DETAILS
A20: EARNING | Q20: DEDUCTION
A21: BASIC SALARY | F21: 1400 | Q21: ABSENT DEDUCTION | AA21: =F21/30*G17*2 -> 0
A22: FOOD ALLOWANCE | F22: 0 | Q22: ADVANCE DEDUCTION | AA22: 0
A23: OVER TIME | F23: =F21/30/8*1.5*AG15 -> 892.5 | Q23: OTHER DEDUCTION | AA23: 0
A24: TOTAL AMOUNT | F24: =SUM(F21:P23) -> 2292.5 | Q24: TOTAL AMOUNT | AA24: =SUM(AA21:AG23) -> 0
E26: NET AMOUNT | S26: =F24-AA24 -> 2292.5
B36: APPROVAL BY HR | V36: RECEVIED BY EMPLOYEE

Sheet MOHSIN
A7: TIME SHEET MONTH OF JUNE -2025
A9: EMPLOYEE NAME | B9: MOHSIN KHAN | K9: EMPLOYEE NO | X9: WORK LOCATION
A10: IQAMA NO | B10: 2586507986 | K10: CATEGORY | P10: OFFICE ADMIN | X10: COMPANY
A12: DATE | B12: =DATA!$I$4 -> 46023 | C12: =IF(B12<DATA!$C$4,B12+1,"") -> 46024 | D12: =IF(C12<DATA!$C$4,C12+1,"") -> 46025 | E12: =IF(D12<DATA!$C$4,D12+1,"") -> 46026 | F12: =IF(E12<DATA!$C$4,E12+1,"") -> 46027 | G12: =IF(F12<DATA!$C$4,F12+1,"") -> 46028 | H12: =IF(G12<DATA!$C$4,G12+1,"") -> 46029 | I12: =IF(H12<DATA!$C$4,H12+1,"") -> 46030 | J12: =IF(I12<DATA!$C$4,I12+1,"") -> 46031 | ... AF12: =IF(AE12<DATA!$C$4,AE12+1,"") -> 46053 | AG12: HOURS
A13: DAYS | B13: =TEXT(B12,"ddd") -> Thu | C13: =TEXT(C12,"ddd") -> Fri | D13: =TEXT(D12,"ddd") -> Sat | E13: =TEXT(E12,"ddd") -> Sun | F13: =TEXT(F12,"ddd") -> Mon | G13: =TEXT(G12,"ddd") -> Tue | H13: =TEXT(H12,"ddd") -> Wed | I13: =TEXT(I12,"ddd") -> Thu | ... AF13: =TEXT(AF12,"ddd") -> Sat
A14: DUTY HOUR | B14: 10 | C14: 10 | D14: 10 | E14: 10 | F14: 10 | H14: 10 | I14: 10 | J14: 10 | K14: 10 | L14: 10 | M14: 10 | O14: 10 | P14: 10 | Q14: 10 | R14: 10 | S14: 10 | T14: 10 | V14: 10 | W14: 10 | X14: 10 | Y14: 10 | Z14: 10 | AA14: 10 | AC14: 10 | AD14: 10 | AE14: 10 | AG14: =SUM(B14:AF14) -> 260
A15: OVER TIME | AG15: =SUM(B15:AF15) -> 0
B17: NUMBER OF ABSENT | G17: =COUNTIF(B14:AF14,"A") -> 0 | U17: TOTAL HOURS | AA17: =AG14+AG15 -> 260
A19: SALARY AMOUNT DETAILS
A20: EARNING | Q20: DEDUCTION
A21: BASIC SALARY | F21: 2000 | Q21: ABSENT DEDUCTION | AA21: =F21/30*G17*2 -> 0
A22: FOOD ALLOWANCE | F22: 0 | Q22: ADVANCE DEDUCTION | AA22: 0
A23: OVER TIME | F23: =F21/30/8*1.5*AG15 -> 0 | Q23: OTHER DEDUCTION | AA23: 0
A24: TOTAL AMOUNT | F24: =SUM(F21:P23) -> 2000 | Q24: TOTAL AMOUNT | AA24: =SUM(AA21:AG23) -> 0
E26: NET AMOUNT | S26: =F24-AA24 -> 2000
B36: APPROVAL BY HR | V36: RECEVIED BY EMPLOYEE

Sheet SABIR
A7: TIME SHEET MONTH OF JUNE -2025
A9: EMPLOYEE NAME | B9: SABIR ANSARI | K9: EMPLOYEE NO | P9: 119 | X9: WORK LOCATION
A10: IQAMA NO | B10: 2586507770 | K10: CATEGORY | P10: PIPE FITTER | X10: COMPANY
A12: DATE | B12: =DATA!$I$4 -> 46023 | C12: =IF(B12<DATA!$C$4,B12+1,"") -> 46024 | D12: =IF(C12<DATA!$C$4,C12+1,"") -> 46025 | E12: =IF(D12<DATA!$C$4,D12+1,"") -> 46026 | F12: =IF(E12<DATA!$C$4,E12+1,"") -> 46027 | G12: =IF(F12<DATA!$C$4,F12+1,"") -> 46028 | H12: =IF(G12<DATA!$C$4,G12+1,"") -> 46029 | I12: =IF(H12<DATA!$C$4,H12+1,"") -> 46030 | J12: =IF(I12<DATA!$C$4,I12+1,"") -> 46031 | ... AF12: =IF(AE12<DATA!$C$4,AE12+1,"") -> 46053 | AG12: HOURS
A13: DAYS | B13: =TEXT(B12,"ddd") -> Thu | C13: =TEXT(C12,"ddd") -> Fri | D13: =TEXT(D12,"ddd") -> Sat | E13: =TEXT(E12,"ddd") -> Sun | F13: =TEXT(F12,"ddd") -> Mon | G13: =TEXT(G12,"ddd") -> Tue | H13: =TEXT(H12,"ddd") -> Wed | I13: =TEXT(I12,"ddd") -> Thu | ... AF13: =TEXT(AF12,"ddd") -> Sat
A14: DUTY HOUR | B14: 8 | D14: 8 | E14: 8 | F14: 8 | G14: 8 | H14: 8 | I14: 8 | K14: 8 | L14: 8 | M14: 8 | N14: 8 | O14: 8 | P14: 8 | R14: 8 | S14: 8 | T14: 8 | U14: 8 | V14: 8 | W14: 8 | Y14: 8 | Z14: 8 | AA14: 8 | AB14: 8 | AC14: 8 | AD14: 8 | AG14: =SUM(B14:AF14) -> 200
A15: OVER TIME | B15: 3 | D15: 3 | E15: 3 | F15: 3 | G15: 3 | H15: 3 | I15: 3 | K15: 3 | L15: 3 | M15: 3 | N15: 2 | O15: 2 | P15: 2 | R15: 2 | S15: 2 | T15: 2 | U15: 2 | V15: 2 | W15: 2 | AG15: =SUM(B15:AF15) -> 48
B17: NUMBER OF ABSENT | G17: =COUNTIF(B14:AF14,"A") -> 0 | U17: TOTAL HOURS | AA17: =AG14+AG15 -> 248
A19: SALARY AMOUNT DETAILS
A20: EARNING | Q20: DEDUCTION
A21: BASIC SALARY | F21: 1300 | Q21: ABSENT DEDUCTION | AA21: =F21/30*G17*2 -> 0
A22: FOOD ALLOWANCE | F22: 0 | Q22: ADVANCE DEDUCTION | AA22: 0
A23: OVER TIME | F23: =F21/30/8*1.5*AG15 -> 390 | Q23: OTHER DEDUCTION | AA23: 0
A24: TOTAL AMOUNT | F24: =SUM(F21:P23) -> 1690 | Q24: TOTAL AMOUNT | AA24: =SUM(AA21:AG23) -> 0
E26: NET AMOUNT | S26: =F24-AA24 -> 1690
B36: APPROVAL BY HR | V36: RECEVIED BY EMPLOYEE

Sheet PALTAN
A7: TIME SHEET MONTH OF JUNE -2025
A9: EMPLOYEE NAME | B9: PALTAM ROY | K9: EMPLOYEE NO | P9: 138 | X9: WORK LOCATION
A10: IQAMA NO | B10: 2594109114 | K10: CATEGORY | P10: HELPER | X10: COMPANY
A12: DATE | B12: =DATA!$I$4 -> 46023 | C12: =IF(B12<DATA!$C$4,B12+1,"") -> 46024 | D12: =IF(C12<DATA!$C$4,C12+1,"") -> 46025 | E12: =IF(D12<DATA!$C$4,D12+1,"") -> 46026 | F12: =IF(E12<DATA!$C$4,E12+1,"") -> 46027 | G12: =IF(F12<DATA!$C$4,F12+1,"") -> 46028 | H12: =IF(G12<DATA!$C$4,G12+1,"") -> 46029 | I12: =IF(H12<DATA!$C$4,H12+1,"") -> 46030 | J12: =IF(I12<DATA!$C$4,I12+1,"") -> 46031 | ... AF12: =IF(AE12<DATA!$C$4,AE12+1,"") -> 46053 | AG12: HOURS
A13: DAYS | B13: =TEXT(B12,"ddd") -> Thu | C13: =TEXT(C12,"ddd") -> Fri | D13: =TEXT(D12,"ddd") -> Sat | E13: =TEXT(E12,"ddd") -> Sun | F13: =TEXT(F12,"ddd") -> Mon | G13: =TEXT(G12,"ddd") -> Tue | H13: =TEXT(H12,"ddd") -> Wed | I13: =TEXT(I12,"ddd") -> Thu | ... AF13: =TEXT(AF12,"ddd") -> Sat
A14: DUTY HOUR | B14: 8 | C14: 8 | D14: 8 | E14: 8 | F14: 8 | H14: 8 | I14: 8 | J14: 8 | K14: 8 | L14: 8 | M14: 8 | O14: 8 | P14: 8 | Q14: 8 | R14: 8 | S14: 8 | T14: 8 | V14: 8 | W14: 8 | X14: 8 | Y14: 8 | Z14: 8 | AA14: 8 | AC14: 8 | AD14: 8 | AE14: 8 | AG14: =SUM(B14:AF14) -> 208
A15: OVER TIME | AG15: =SUM(B15:AF15) -> 0
B17: NUMBER OF ABSENT | G17: =COUNTIF(B14:AF14,"A") -> 0 | U17: TOTAL HOURS | AA17: =AG14+AG15 -> 208
A19: SALARY AMOUNT DETAILS
A20: EARNING | Q20: DEDUCTION
A21: BASIC SALARY | F21: 1000 | Q21: ABSENT DEDUCTION | AA21: =F21/30*G17*2 -> 0
A22: FOOD ALLOWANCE | F22: 0 | Q22: ADVANCE DEDUCTION | AA22: 0
A23: OVER TIME | F23: =F21/30/8*1.5*AG15 -> 0 | Q23: OTHER DEDUCTION | AA23: 0
A24: TOTAL AMOUNT | F24: =SUM(F21:P23) -> 1000 | Q24: TOTAL AMOUNT | AA24: =SUM(AA21:AG23) -> 0
E26: NET AMOUNT | S26: =F24-AA24 -> 1000
B36: APPROVAL BY HR | V36: RECEVIED BY EMPLOYEE
